;NH4;NO3;N_s;N_f;D
0;0.0;0.0;0.0;1000.0;0.0
1;2.995965954356927;133.46747997871623;1220.5674747780386;1020.546972352277;0.09810900118555774
2;6.34924391110979;195.3574027108594;1248.9004630866987;1045.4867770681165;0.10841032276134335
3;6.561830937196917;196.2523032459283;1280.16161126654;1070.9145012668314;0.10883075556448167
4;6.529739014387594;183.2219660889793;1311.4819312594145;1097.2663218205555;0.10898274463226099
5;6.503781656095158;176.472778066042;1343.3170432875688;1123.9719620814312;0.10941600397642963
6;6.4994363670230095;180.98970832853274;1374.9218119565367;1150.2598923916714;0.10978164276262349
7;6.43931028441993;193.80133759904555;1406.2854874176123;1176.186720772713;0.11063292912490047
8;5.988973248788513;198.27338589522194;1437.4464510886305;1202.14317513195;0.11432906045474228
9;5.3489932654384145;199.49961507869105;1468.6291707869227;1228.2116251786817;0.11953806446280738
10;5.229072797485358;180.05881072161526;1502.5764232431231;1257.123956682684;0.12228430117990552
11;5.354453786966865;146.695516195771;1538.2263550086395;1287.822532580977;0.12410692141058252
12;5.317724814971406;124.43509939971268;1575.7756013249534;1319.9433479888455;0.12708716582470195
13;5.19052798801785;110.34885893117928;1614.992603886972;1353.2876814269785;0.13055746265323517
14;5.003538688077118;104.95230263507092;1655.5471656689729;1387.4610915082167;0.133870459030002
15;5.140076674713479;105.79167421787781;1697.434904338604;1422.4297714571126;0.13129288248624596
16;5.31606911597059;110.11186811979093;1740.2774072802542;1458.01990395622;0.12786230020385103
17;4.781887278155821;113.22217504507327;1783.3504581124655;1493.9479982657876;0.13643692202723176
18;3.9871228295014385;116.36451391657691;1826.753312426772;1530.3530614821698;0.14704774618205377
19;3.9051916753618707;123.6639343507192;1871.4470239773168;1567.8309620893706;0.14011372460507937
20;4.089073704271825;130.00102059024945;1917.606304178982;1606.1154033084135;0.13212681895414277
21;4.392401739614601;144.73733488971848;1964.085441172861;1644.382102044792;0.12594280449377235
22;4.6164584599515885;160.83971363732462;2010.7327446648235;1682.8429231715158;0.12220408579678206
23;4.563531495801367;169.33873096987074;2057.5306865422117;1721.823856431962;0.12466161443744077
24;4.317604847628248;166.60603103372839;2104.9565226377003;1761.6044978115244;0.13151051585389337
25;4.066218933567588;159.41283557419555;2153.704315319062;1802.6705160022802;0.13813563836264453
26;3.93892198649006;152.70015687773244;2203.3705149771263;1844.5044400290788;0.14136349666001471
27;4.171710699851819;143.55565575467423;2255.5245510387867;1888.41749303867;0.13429831273762102
28;4.139272496759534;133.8954926645684;2310.0868031363716;1934.5657707224755;0.14258300631635826
29;4.1848661350031255;125.60760397794722;2366.339718231306;1981.9985249388624;0.14080083936549756
30;4.312659495475275;120.78701737489692;2423.868694858951;2030.300646020054;0.13147876309617812
31;4.473806809117579;130.3959182089187;2483.603170132093;2079.9213023246753;0.12531662333111682
32;4.402591822324568;137.44665541637033;2544.2533258022063;2130.4415129822028;0.12626809462078045
33;4.057100217337425;140.3980717890007;2605.4864522305406;2181.6959974116844;0.13520989772156325
34;3.1477023387853778;133.418288279121;2667.343556949835;2234.123155707434;0.16027539189417583
35;4.265548714143038;141.17146275035492;2731.359693339582;2286.845608705421;0.13224312965358445
36;4.600197467881692;159.40169978149805;2796.0068536559843;2340.1553910499083;0.12308054468115638
37;4.515325107467877;150.52435449964912;2860.781154376628;2394.437740879457;0.12586790529010966
38;4.601823876864402;134.55419031282585;2926.051702536682;2449.6739083329453;0.13706490074735767
39;5.304855658715642;142.77846803243224;2993.4825042094058;2505.47101500444;0.13237612138155586
40;5.792995997749535;152.99969637231973;3061.7428438698607;2561.986532987011;0.1254086215724798
41;5.518361989410248;150.0207609015746;3130.291558033409;2619.358388579717;0.13224870728359014
42;4.981816687065188;140.22055453583093;3199.3616382058167;2677.529921260672;0.1447318173247719
43;4.24808671463368;132.89979032115517;3269.3944346021494;2736.8218158899476;0.16424313149452902
44;2.8059956115363485;126.2365608984582;3340.5283260783235;2797.6087406485062;0.20643996805714557
45;2.077095946065886;123.79294079374253;3413.726278462054;2859.8350272954267;0.2370108396465356
46;2.6547694608411905;127.45465928211902;3490.353989809995;2923.51597749987;0.22743061299785403
47;2.951867963096331;128.31399259958556;3568.4865924938963;2988.4558178529446;0.2198652827179818
48;2.60020139312536;125.90090415409333;3647.0133830490286;3054.438024862525;0.23251336946851425
49;2.1753220874288965;120.44143556611922;3726.5365808975957;3121.832848185784;0.2510703911713621
50;2.58543431048223;113.16983924678485;3808.429572744425;3190.590691799179;0.23800918358236084
51;2.5919278916942745;112.27180220287708;3893.0965877316976;3261.5219744204237;0.23587379183597013
52;2.7180506424725484;111.11450536985213;3979.2372124278277;3333.6160889837956;0.2286906016273968
53;3.0478932489694097;109.03813891638751;4067.1569365425644;3407.1049572281977;0.2132598320179666
54;3.3674224978414906;114.12398597185512;4158.479356236835;3482.9523670108942;0.19964984958027357
55;3.4401503648745906;117.09913347616201;4250.31973378396;3559.539697993723;0.19457594489210542
56;2.929000844165932;113.48920577339592;4342.871356971322;3637.6601417781458;0.20855568210778103
57;2.0897172836413103;104.78689344223969;4436.713361816617;3718.1466173101203;0.2285855631295522
58;3.0375510179271408;105.62733265907933;4535.1251914702625;3799.8374179397506;0.1831457966724883
59;4.796914595715691;121.95959542072423;4638.534578182697;3883.3621721084546;0.14510442752384634
60;5.435656117148864;133.856597832837;4742.329074728493;3968.979175498218;0.13306497029247263
61;5.83819916025856;152.76712076694517;4848.475491984644;4056.809572528522;0.13296741246627938
62;6.135723628903408;181.05876193223978;4957.414544294656;4146.807835252056;0.1388504549789202
63;5.550779735635687;181.81039367968881;5066.82594355165;4238.314441765948;0.14365420495598183
64;4.979145887575627;159.0680023308226;5176.8342428642345;4331.301905422024;0.15048971417795012
65;4.702716383191487;145.87317555297545;5289.111392670969;4426.079160861095;0.15454014436636093
66;3.9610263902285534;134.86914632433076;5403.167985213143;4522.926663343442;0.17123121265978508
67;2.5963055077837582;124.65303453991288;5518.915058620671;4622.019408431451;0.205116548723543
68;1.7336063295428632;114.91623856315874;5636.685049788274;4723.142117141014;0.2437059477669362
69;2.2111767398041526;99.86834020316358;5757.54308974041;4826.078395442855;0.25951078211052475
70;2.7209641462377085;86.07136966380517;5881.873748480415;4930.689309045602;0.25502295556936705
71;2.7874617341823185;80.66805831035768;6007.8898748206575;5037.138189942264;0.24633414245601992
72;3.2356227972901506;85.81042373518329;6138.47194543472;5145.514812806715;0.22679863532268288
73;5.061614967245246;116.78015148287166;6277.903356855509;5256.417089031086;0.17406234751448832
74;7.072225112171168;163.0797762056235;6421.4034400757755;5371.429594528875;0.1402166414731943
75;7.8852046566110685;196.82593908353152;6565.305297053994;5490.176558233534;0.14022875133171786
76;7.673509581740583;216.0131231455879;6711.134615154944;5611.6600030780055;0.14839154963666698
77;7.546638539430512;219.58935498936626;6859.566729433884;5735.547864320524;0.151389009411043
78;6.68024630294936;232.62881249619747;7012.38729959872;5863.5186927699515;0.16593474397610694
79;4.891577998985547;253.5241730494731;7169.848085325198;5995.962430426234;0.2075070214251854
80;2.49534073886626;252.68628783526762;7330.453675696771;6132.0108649670865;0.2942536953620949
81;1.8579926120195662;221.2678970025945;7493.138507684593;6269.882812207052;0.34041329918328267
82;1.0132009945449265;192.44746698853893;7656.596962178244;6409.322240142669;0.4128213477376555
83;1.1052917339183959;163.1789674703982;7823.051916635871;6551.438407343626;0.43179923089622946
84;1.9621411033759286;133.51639889794825;7994.814681848334;6696.306307135045;0.3537050471344256
85;2.0789530452921268;106.40466057351529;8166.0964523922585;6842.915623865409;0.3290637807805521
86;1.4655847928522658;85.88868734292038;8336.352580712668;6992.705321336461;0.37195945691155885
87;1.089578497596602;69.47109414124236;8508.567043163588;7145.506298677201;0.42566344650110494
88;2.612936818639647;69.44498296101587;8699.632515887724;7303.052059908469;0.34750261819072337
89;4.397068176513132;87.34620462932122;8909.633376286964;7467.479305447706;0.22406864082875488
90;5.493617145082398;97.29885252437431;9117.124219053905;7635.85033748039;0.1761073083890322
91;6.342942963688784;102.35842242146111;9323.885785816252;7806.767722781668;0.15871377085519975
92;6.349135419470549;114.21470445314478;9533.088134405494;7980.288116532891;0.16331751996297414
93;6.283523692385207;153.9175170820958;9749.650515910613;8157.1457173668705;0.17039825123569077
94;6.110339531815061;201.9274371101738;9971.685802687096;8337.62908237213;0.1777473837371379
95;5.27158679610309;216.8826542698184;10188.42387712767;8518.756250050184;0.19007686469859594
96;4.1438402633075375;200.78040178770448;10403.645139617769;8701.950930188354;0.2184601713273533
97;3.4018302445941657;159.53467621775152;10621.932311867009;8888.71600676186;0.22555911038327608
98;1.7367755537770826;118.96697588142267;10838.888857976895;9078.973397401278;0.3024831815622639
99;1.8524357265301807;98.80279710560141;11060.853912127699;9271.56098813129;0.33031316827154034
100;1.5279403934863725;100.79131861180939;11293.14898930273;9465.274473986748;0.30182644564286376
101;1.0804684735720242;101.02296708161967;11526.486982709033;9663.1894828502;0.33949732628262264
102;0.991608801019706;101.17963559711968;11765.957526540404;9864.883347512785;0.3424997107358175
103;1.038841192172732;90.41188752441022;12008.930100260688;10072.094050176625;0.30305751457738506
104;0.7961166141185751;72.75495430464558;12248.923980643445;10284.433171056344;0.31058792185642903
105;0.5747589298328661;57.214336207235455;12485.074225492841;10500.206985752411;0.36078390341116756
106;0.3591980591462748;41.191777856370805;12714.713427955268;10717.859065867058;0.44122569553316104
107;0.18435528492193798;26.29497680966207;12922.16086140627;10938.317249157848;0.5406863875527659
108;0.42469945812615323;24.848076642434485;13145.426559323992;11161.224726550947;0.5224348949964576
109;0.7026549791908954;33.4118483827697;13471.532730773384;11388.580555060455;0.4021122446481355
110;0.9108905320553727;40.685237203718955;13785.920345693143;11621.51115769534;0.31101850742001597
111;1.0173800115253255;42.010817898740065;14081.024699127713;11858.225388436602;0.2910115747262254
112;0.3997009781744639;33.17458947770252;14339.589893264518;12097.84569379377;0.37700977313927675
113;0.45343796222290017;30.880557225094353;14595.22042400052;12342.67495425145;0.4399263150840723
114;0.9039470617548457;40.93446029384961;14930.108275182365;12593.159365582269;0.4002077012085371
115;0.5777492016499762;42.03351974319833;15253.057140098163;12851.098748713492;0.4292914422069035
116;0.9435017080134575;64.04737250134534;15600.067223598322;13117.457361221606;0.40466295067884683
117;1.1462355681177638;87.46833774529162;15959.450217498068;13388.832821400036;0.3568773358666687
118;1.1129291510238017;104.13560727452233;16301.307935456682;13665.061004197618;0.356003112797909
119;0.3568457721012706;91.61451288818404;16625.1989799289;13944.828391479825;0.48540944083331705
120;0.15479372825022575;61.003811253119565;16928.49844119851;14229.315584345577;0.6942214805154321
121;0.13140659352711;36.47451844947703;17208.87653214179;14519.762497771271;0.8496301946768012
122;1.1742885564253953;35.240516162108385;17549.738271303413;14808.703154715817;0.5900853275589636
123;1.814711740735544;39.48995594462024;17944.57996718646;15094.199335311052;0.3737086010531998
124;2.4022529892688556;48.73627525121134;18318.85181150716;15382.663539184925;0.28274175218772696
125;3.3153396854790964;59.23598415913386;18691.793132917166;15675.17648762994;0.23876405343337875
126;3.4850944218521542;60.05131147904443;19051.948945599885;15970.316827349046;0.23509053180966588
127;1.4996021181843922;52.8308242916293;19384.515997243885;16268.343069527915;0.34455088766773445
128;0.6771390722846509;42.419654256876065;19700.481127481573;16570.661871181204;0.4830661611012518
129;0.6393220733844397;37.54389964157779;20034.989209866373;16878.04043467443;0.5517608161403661
130;0.13820553947457231;21.865452741549287;20333.03989475009;17189.133803964563;0.7138657568111437
131;0.64876967609063;38.75461160271497;20693.33069302195;17504.52621655775;0.5323473250977231
132;2.1685079371793563;90.94126113519881;21263.819926672844;17826.77210547732;0.2792540848140695
133;1.367130481303713;105.55097869263676;21678.03807591588;18154.491559514987;0.34106463701105133
134;2.2384639052005673;110.8755770030054;22079.80876676329;18485.660528061308;0.3579857002918832
135;2.018762355160326;116.9645748606221;22484.855742937667;18822.086746942612;0.34516158496267174
136;1.2872560062238816;108.98434332681927;22886.929812972416;19166.649654378067;0.35676420921123086
137;0.9394938165800117;108.0042049577693;23299.78197561398;19517.6924419693;0.3672326098904739
138;0.18854078699648938;83.49112121837992;23701.52456438795;19874.543675332618;0.5812061495550949
139;1.1114714277369782;49.30751818375635;24089.60478858061;20230.28713811921;0.5348114791799069
140;1.8072677635928533;41.97700052907385;24497.830036326795;20583.038064679025;0.3983764715923471
141;4.639617302719995;68.80531534287279;24984.92666213685;20936.327076111582;0.26870729591270387
142;1.8335216363992946;70.5611306165914;25416.583513011014;21293.196041410345;0.37771538095546364
143;4.583218780463512;77.24248565704293;25864.24957277079;21652.766951137946;0.27177133018714394
144;4.810332849794219;90.59517718835484;26311.22867606213;22015.30318235816;0.2537282959221259
145;2.802272934748278;92.63897639935274;26744.69260570495;22381.406102001398;0.33164097085043337
146;1.445724965700429;74.8014272276893;27159.834715821526;22751.3855287973;0.3743311359428041
147;2.3583420538793063;85.48607225385148;27615.327260510403;23124.64929477959;0.3300943068019266
148;0.601040786459933;76.71674013375167;28049.661014330828;23503.27473071433;0.4504360602551807
149;0.1933052764821871;49.83597938641229;28443.0498610589;23892.103520677123;0.7096161575657378
150;0.11590778746290534;26.302137796021572;28794.986519227474;24287.51279845741;0.8874476143189677
151;0.3167573412729077;30.659331403235914;29211.92265128562;24685.373903956617;0.4422411524128117
152;0.36514635754577307;35.40676508109561;29763.3914282657;25085.05593872461;0.3229799149581477
153;0.49701303777075456;46.03509980079215;30300.31403551209;25487.380749038733;0.3972538112653531
154;0.2884898167474731;36.038188046513525;30792.530127630973;25891.28684205782;0.6170388075380905
155;0.4188951091229058;21.962462872596475;31130.873095829375;26297.027568624162;0.6437653092293235
156;0.33054449814164727;22.951920676022716;31584.16558407565;26707.303341019946;0.5521670315934093
157;0.3389946889365233;36.386493965921176;32162.60954419989;27119.467513328764;0.5608371601201941
158;0.14977350899402217;26.285819219335817;32672.044855142052;27533.542845427903;0.7677862396469102
159;0.18458334194965353;18.73532543997565;32992.6696147265;27949.291272822065;0.8744763053575416
160;0.130980934095504;14.652920252300099;33378.03148771216;28365.900919783464;0.7993951881679738
161;0.27884894946646044;24.367168653672504;33932.44788247193;28781.610725768085;0.5190926306454101
162;0.9022360529243362;58.72144992678862;34752.65151952043;29196.220515634617;0.35549582872635177
163;0.967088864748906;80.48984031700584;35360.25394458454;29613.98532809154;0.4294293004815701
164;0.912716054870465;80.48416780320646;35867.10051413014;30031.20170116197;0.4941373220165632
165;0.3471681510505762;58.22667212424266;36331.841769391576;30450.0221913395;0.5703775981332758
166;0.16639334347680163;20.115358934728683;36653.80208955699;30875.04053283079;0.8041102646479689
167;0.549411095988837;35.47674863879963;37121.65343695094;31296.480028192273;0.37481439093175123
168;1.2580481669473442;87.00362355927709;37859.74875703593;31717.7057573804;0.32967572494942243
169;0.9210514317697741;94.11194940680024;38419.32855631626;32143.555154684203;0.46620905617064395
170;0.7360922162394645;55.56870000703759;38875.61656363312;32573.79839990253;0.5871121086458092
171;1.5950453433649185;70.42011615523157;39408.33972012419;33009.59029075268;0.4126918550095653
172;1.8019092900314777;90.27141210561905;39978.27159060025;33447.45657719923;0.44283585956698857
173;0.666679278556484;71.80884910194932;40476.23747174043;33883.04209177646;0.6844118251198554
174;0.5549284584355815;43.69808116622195;40915.80308955573;34314.729652038295;0.8211279253774758
175;0.566066385667212;33.24821818989156;41370.15108202324;34750.643616760455;0.6110286908220508
176;1.045986651371105;64.55897042133097;41978.16163151439;35188.2297200571;0.4232874911117944
177;1.0069021426928169;81.86928104701477;42575.43311472809;35628.773680471706;0.47170072523115486
178;0.45283019513023387;62.93932019576046;43075.99698503497;36067.83951437211;0.6904996248754559
179;0.14691563795845308;25.120463297724164;43446.559604428694;36490.39685669482;1.0984755466823162
180;0.17226815962093697;20.566442031069712;43708.33028322438;36892.223655123395;0.8995907767665187
181;0.1477124165931546;14.324688307242583;44148.78617358863;37266.78098223155;0.6996641014595546
182;0.07006510002590302;6.809840045494683;44373.535565148646;37615.538381095095;0.6772225368714679
183;0.0699765940005542;4.937696506574473;44487.31305060324;37938.14310123782;0.5324594126405101
184;0.04213068408547131;3.218471372389445;44601.79266101553;38237.863630754284;0.5813084737535487
185;0.027246232506481033;1.5556441930479932;44606.52552781838;38531.13093578352;0.7390089905615963
186;0.07611884612165108;6.375339703507183;44856.50369326182;38830.453078120954;0.5659430437111521
187;0.13476281037878277;7.273404849221274;45516.599025387324;39143.66234354676;0.47372609900649826
188;0.6255500010842829;45.497770311855376;46770.64496183892;39456.15842005579;0.4093933999074015
189;0.7295116552040909;62.18244602471379;47554.18859694572;39759.86543561722;0.6874900769254141
190;0.812899144470242;59.93317293290011;47902.51100949313;40039.01170972368;0.8544309688934961
191;0.17970510025763786;38.676750319776765;48191.040668707596;40306.91160423145;1.2682226264971308
192;0.4686438592491559;30.104809521373646;48437.9109013469;40571.39360132518;0.7526633836943296
193;0.7065148936488829;47.415380366863715;48812.83329808209;40834.77117362018;0.6122379021039276
194;0.44500590318326333;42.94102836870486;49143.69244786;41094.41345240517;0.8487016796414
195;0.4506723313871435;32.858685349467315;49415.62341038476;41349.80972990172;1.013007348842117
196;0.13554678446024176;18.10739813491834;49641.58543973203;41595.27828406986;1.284771913418992
197;0.3590256441783501;22.53235154417241;49862.17159512866;41814.71059282632;1.324541708845515
198;0.1268904558256751;14.980222833953906;50147.396186226986;42008.098893797556;1.5798234175460586
199;0.10060948693937176;6.970607882324108;50227.59104464081;42163.90748405732;2.0640682140649775
200;0.05591151668358415;3.6996444593195115;50290.93972805877;42278.06372398633;2.386699288198482
201;0.13293581135514418;10.062009971149518;50400.698686866446;42359.865747899916;1.5608814114222798
202;0.2968518230721727;26.12729660821627;50721.583509952965;42424.40978774594;0.7172483995126417
203;0.5203079082500195;29.74520975257424;50907.68004180081;42484.32368973888;0.7201571456562051
204;0.8537049679034214;29.577230777883575;50989.30299374444;42536.75750552696;0.9821715650752535
205;1.3461751019278927;40.293746677217484;51058.102124099525;42574.92672153262;1.0313117859286203
206;2.943018006276576;69.38401407947775;51108.47680239558;42604.59018213362;0.6920439757487903
207;3.3847341400156723;57.83069256908675;51151.254842150294;42646.087109298605;0.5225465084051834
208;1.7744490326072655;30.491155789354348;51207.9785822358;42723.157031368755;0.6322579724385379
209;0.8258877627320823;16.695292211796378;51271.53540908446;42844.88952929388;0.6156790365236439
210;3.8155212485936416;33.8080750836291;51492.25062065089;42991.60858916018;0.3805230876526016
211;3.4549390015094135;36.61233875593358;51697.40016821006;43153.717858073695;0.47959695335267016
212;2.704278443377261;49.512418569520136;51910.208179276284;43334.626390968304;0.5238673821242836
213;0.702058133732691;46.75135906883078;52117.16751190534;43523.88140784962;0.8703412271163177
214;0.3570130209060501;29.51328376341769;52299.7754337297;43713.78471111241;1.1823910550236338
215;0.26343844252071164;16.182384791509822;52445.05331736859;43898.31923766494;1.2810340043408146
216;0.11039028700002604;5.943083893232053;52507.228704020934;44090.15238269244;1.2154158798040862
217;0.07344832345865007;2.195103695417111;52458.821996166254;44297.979379142875;1.0349345729664765
218;0.2862133362045522;5.547249538954144;52539.48250163844;44539.762510361696;0.6364320702701287
219;0.5108329086205686;13.056186681098708;53038.60995557075;44804.455415158794;0.46371853287576975
220;0.9207511313281781;39.78110124314632;53769.39094376094;45048.26803259559;0.44760768373857934
221;0.4464770713269235;41.870764890888985;54178.01155001632;45279.042717131975;0.7977236091026014
222;0.20847062573961578;25.757203449832993;54393.27549658747;45512.586999157465;1.0190877370121019
223;0.21363151441376652;12.436587141524077;54539.016687662195;45806.947178199676;0.9236813239671284
224;0.08381809194127128;4.4742846193545;54581.47450834785;46162.07672000409;0.7166885282703013
225;0.016087335805307447;2.034331520619265;54495.80078514474;46518.02730896987;0.6801782166328578
226;0.10846465658398455;9.81716130006259;54799.9822488082;46859.573299724885;0.5301530953433282
227;0.25096402014095076;21.303872342712097;55794.6032029524;47183.1376708232;0.498621584722912
228;0.30665682818133116;31.507920207156243;56606.4761438902;47499.951054815145;0.553579700558379
229;0.2530542198605226;31.0091938908768;57082.82776880922;47812.1998518389;0.8917590296474333
230;0.24503136584693433;25.90577551962922;57420.17745710209;48114.08101526282;1.0796961403489544
231;0.08956469594480458;5.9799242279928455;57598.14172599237;48430.605897610665;1.138045090439956
232;0.05317476265523255;1.9753628887754364;57451.01406677037;48754.17841527239;1.0577925146146148
233;0.01415175152657755;0.677692883312148;57278.79643996199;49065.24397344215;0.9657868167579743
234;0.05016251311352559;3.361740764833457;57275.54441355514;49365.56049581201;0.8753219784789396
235;0.06422298455401595;5.8852422662059825;57739.459684095214;49641.260738624675;0.8980678285131738
236;0.08567700497250337;8.023020432689021;58447.16190480159;49929.071643287905;0.7007777023348731
237;0.0350306467793084;1.9671996831987006;58826.11812826374;50234.77855775986;0.8508577668624911
238;0.011927319481207555;0.7144783436807682;58695.301645648055;50537.81463069577;1.031694679362234
239;0.009526085859429344;0.9702105659034691;58553.78062206298;50813.69420546154;0.9186490657203601
240;0.008080165951982585;0.2405327042888222;58422.52258043202;51062.22053672659;0.814980330127186
241;0.00706963662534276;0.5159005474776217;58286.70653394608;51278.522190337346;0.7148255304266328
242;0.006428774750418694;0.23711144950223145;58184.738333765425;51472.40157368811;0.8226895161388393
243;0.012470232267877244;0.7983509636094559;58143.11892381689;51663.84431169591;1.027326172475328
244;0.007948036972442816;0.22629018911510024;58121.12397619032;51856.71556901633;1.5996327020744687
245;0.0073470752714604026;0.3166950652539033;58022.947408181324;52046.71726201704;2.2026859233416167
246;0.012277000086041932;0.8285509888266708;58051.892121382385;52230.323321918906;1.6615341732641207
247;0.010848265863216227;0.686212531952913;58179.18664917721;52404.25192483019;1.180966116186271
248;0.009343660272089315;0.43791675619007964;58250.25918025838;52566.12085891151;1.2380419190781171
249;0.00937885564698417;0.3733305689765022;58273.15063238965;52713.231048118374;1.3148617893606074
250;0.006082917674616084;0.11460063130154671;58239.67420767621;52848.85150984554;1.6809409077752555
251;0.014000365298319523;0.9009998052408908;58328.56825066021;52977.40301508656;1.7401109591910728
252;0.01640274702537053;0.878409011324614;58603.23384994789;53108.14976935687;1.6130231125074315
253;0.014851870183310906;0.5792701970277372;58801.31800648092;53246.16012539939;1.6473216734702139
254;0.05117433796123762;4.892494425651345;59689.84304947554;53397.00608794149;0.8085328221059496
255;0.03125858986042793;2.712996833674952;60893.51457234523;53558.495113493955;0.9168986410169413
256;0.028522391955497755;2.520699832432539;61454.14195891868;53716.81514091075;1.4560841314915556
257;0.09682652230639986;11.800060722344885;62567.089955118325;53872.56235710938;1.3344667415625457
258;0.18544174445437622;15.32380856274549;63937.09431372136;54034.98262984943;1.0211505842098259
259;0.19939713278403698;11.540315128997367;64570.36732861797;54202.594876802345;0.9400956080661897
260;0.2620914839868872;13.730250611347675;64853.530243022076;54374.33234070427;1.040379033472738
261;0.4243508355253244;18.325513056860938;65160.54862518573;54555.565424220906;0.9624009540562902
262;0.6306605787708592;29.054552897312053;65472.16396649289;54734.614107604786;0.8889773962651827
263;0.7208411147066437;39.79802483010907;65751.41720948427;54909.04768648546;1.0786323206633837
264;1.129474274607678;39.05614671725759;65977.8617829741;55081.292277154884;0.9823568242200226
265;0.29345018518632104;23.000342479263676;66145.775399764;55260.51442541556;1.3114325166615577
266;0.24932232272436544;9.559407859804216;66220.76194332894;55441.25598336647;1.5181772069699442
267;0.17481129018219616;8.213385756595507;66322.27900050799;55613.00674911605;1.4990880202216093
268;0.1597488146387384;7.988327146298244;66462.83977649019;55787.85630428863;1.7100451616219745
269;0.20507457826643746;7.281994092142397;66616.1997226238;55979.57838906852;1.6767015555195492
270;0.13309555388368977;3.6173766223404984;66755.91448965912;56208.24765068146;1.598991276772567
271;0.1748897167662638;5.2696399758058545;66816.98526456923;56456.221202642024;1.39047934371893
272;0.10296787222093678;3.602778740802365;66992.68950732058;56709.37763229661;1.3483613179611567
273;0.07034222739415671;1.8470024748525637;67039.29455965829;56969.99324304474;1.751359064291454
274;0.11248384665077224;4.1048471754824;67157.50661271412;57240.81455432378;1.6099906445314511
275;0.14350756580488236;7.032676376225223;67616.67634365338;57515.30543723137;1.212498019780908
276;0.1395590760285548;8.908909551955823;68228.42353516497;57792.07872768784;1.2027820856772264
277;0.7681815973102133;37.53327984733068;69175.44394180029;58071.352337415236;0.8954902580745235
278;0.49923788486427784;43.37353431742315;69831.99446713668;58352.03988752126;1.2608126062300378
279;0.43618204089012597;31.112497100578572;70122.30159376228;58633.56473264756;1.7422935446614316
280;0.18139964851439516;14.793251108372393;70349.0611458405;58917.66524753202;2.2776290056851676
281;0.6513690933480015;31.32113458661971;70672.90456308877;59199.29855861857;1.5662846489438036
282;1.824067779058397;72.75744778381429;71234.9435000943;59475.62802188763;0.9231658924780592
283;1.7078479295684725;89.03039752164756;71596.26900767733;59748.26566004856;1.1095303180668483
284;1.554024808609845;97.16186542001591;71922.20499348619;60016.54959279364;1.303951513243893
285;0.8256839894923355;92.49083532235237;72234.06469669903;60280.705622734065;1.705060239317908
286;0.806249791273653;79.86711304229392;72537.18843241433;60542.73084835358;1.9739729926739225
287;0.6816403307390996;66.5663295260985;72833.73431983296;60801.29726513544;1.8773090652205378
288;0.2708649272958878;41.691190711670146;73102.78821690643;61059.82184976317;2.3707072925706942
289;0.5822477994735197;29.3212906029866;73339.30435924021;61317.153811529875;2.1412698592117967
290;0.3196176660770785;22.772949827085768;73622.0227199719;61571.3065664419;1.786150277517476
291;0.596928434363603;27.834633804299465;73911.9645766587;61821.19486997326;1.4387890006413993
292;0.660636730485719;34.46921264738515;74272.0318979096;62067.24067233581;1.2167884397670394
293;1.4266547497389932;70.6690983014585;74640.33670168935;62311.84245380885;0.9486643463829818
294;1.4439047203683646;90.63894766555067;74971.27541668733;62554.17326497225;1.14020766021229
295;1.471864759876521;58.263966409207214;75239.56317601605;62793.31787131507;1.1134062912649474
296;0.667134899022457;32.76416281173055;75467.75561189187;63029.06576533825;1.4308892885272106
297;0.6765551862201051;24.82181824428458;75681.6396576168;63261.535744913606;1.4013819001657208
298;0.547458002176492;24.058404549804713;75946.9889541649;63490.29307875996;1.334949528129694
299;0.180830855032693;11.912998773984533;76140.64612624286;63715.75444383818;2.009032383177714
300;0.7882991612022522;24.0423776673251;76383.58586933918;63937.565826835234;1.3796532199970533
301;1.5281494656910426;45.64064424515091;76829.02131187178;64156.130582736514;0.856435686026035
302;1.2895108990905617;55.36109906083404;77133.19742262812;64371.608218548696;1.135940431804139
303;1.6193936846576356;48.242957803743735;77383.43173983296;64583.44315338341;1.1792183172198512
304;1.2694471629880841;40.181217325400624;77618.39287387437;64791.813549776896;1.2738988527401205
305;4.111923968467552;78.99646900239327;77916.79326883207;64997.21300088558;0.6682865389242896
306;6.843996347595049;115.81962952502481;78183.0495961737;65199.1813838899;0.5314784846144798
307;8.9035274942502;149.4898182128879;78434.12085707451;65397.4358409814;0.5583606466756739
308;7.518332428151446;158.0348369041773;78666.50487294992;65591.82555969425;0.8921431955295132
309;4.845295995096286;123.59875967003828;78888.05291551426;65782.4591954303;1.0349501615065066
310;2.7720935518610372;84.9346238289474;79098.04035843104;65969.84610608614;1.169685288508662
311;1.4787787282690477;68.08637415958704;79302.65965744645;66153.63708750119;1.60137614858585
312;1.7266583022886661;66.21281090652246;79515.83992014342;66335.01597855557;1.6847511179627919
313;1.8337241681415286;70.78864015746345;79737.54156722271;66513.53577786335;1.565980916513119
314;1.8446749766157162;72.34689415910778;79950.76775620779;66689.13402937955;1.5841247031825083
315;1.7716615155826585;69.54872706836576;80157.5099006558;66861.79467711251;1.7351760368725941
316;2.522343296786398;70.52075706348204;80365.63027169154;67031.47317113246;1.3893009262463984
317;2.8799017833255647;75.74777486536686;80572.40246023431;67198.48873613337;1.0856945133070088
318;4.811065834446601;102.23986573857047;80783.80077885497;67363.0224726039;0.7453965479617111
319;5.668221231571491;122.0763691634224;80986.69225949624;67525.04382843446;0.7380753298265532
320;4.48312707605715;126.81688287281878;81176.81150595713;67683.92454077223;1.2323723952367964
321;3.5998478633967506;116.07511513436309;81359.63335963342;67838.8621740638;1.537342471401815
322;2.4956699418849726;99.76927197830838;81537.799625303;67992.098414424;1.930029464710252
323;2.7275839884825173;89.77540219449126;81716.26943727792;68142.67591536567;1.6396826878925312
324;5.6049288701329205;133.89108681755076;81907.29240425712;68290.24934292841;0.757568509287708
325;6.209245247076879;170.00641444070823;82087.68885914588;68434.50653393642;0.647493651732673
326;4.810775077974844;187.54778321974794;82256.0163699333;68574.04071179769;1.1874456818869477
327;4.357864232518186;188.82732616397675;82417.40194504413;68708.15922497965;1.4985176176021677
328;3.9788393394938186;175.30868178511597;82573.70681812605;68839.05765687858;1.4957400888297685
329;3.3303441842463495;134.8785836319062;82727.85990475814;68972.04341572362;1.3944378316270511
330;3.069292656192273;108.66602815620291;82879.85925883955;69104.37764936627;1.200500806120287
331;3.1692722361208383;101.9920994617771;83036.38876378958;69234.7001475023;0.9945806462780358
332;3.3705750327084703;108.8014861031972;83194.16272767873;69362.6719651512;0.8789394539321297
333;3.3586143568593463;118.18528505515646;83347.12721000987;69488.67387954556;0.9553441802805038
334;2.635264993883466;111.8024133787584;83494.59822769997;69613.18090026228;1.425282193873495
335;1.9024498763838187;100.00851970195562;83637.2979507407;69735.4813730184;2.0613413703768857
336;2.101863068197602;95.41745433746587;83780.76255195274;69855.65970739888;2.060171458825657
337;2.4943644432973;96.96626098353894;83924.61898019265;69973.85063740838;1.7668104424549866
338;2.1623600784564667;94.19471642233886;84062.72878449662;70089.35509355848;2.0062674278256476
339;2.15544817677449;94.36698071747371;84199.19783294562;70202.77563915211;2.066000237555447
340;2.3200623782433176;96.93984100492413;84334.95849122485;70314.69579808207;1.978957406734993
341;2.522656818194591;100.70613893734742;84469.26929440204;70424.98826393452;1.8368160207542623
342;2.7689565183360925;104.15486329241504;84599.11228109605;70531.73514907039;1.6537122407619271
343;3.015679775846536;107.60050997151679;84728.91196918969;70638.44767319724;1.4702114851250676
344;3.3300213462836696;112.57947878238511;84857.70149101445;70744.2133110308;1.259419420229487
345;3.7674198454675794;120.34890337583437;84984.65263573108;70848.25573345009;0.9989605631071066
346;4.256889972386435;130.01527501854102;85110.30036948988;70951.10683052702;0.7228759579897754
347;4.161666123606595;141.8789019329437;85233.75637216655;71052.56033463038;0.8279819700159397
348;4.607406021591605;161.82125089040198;85356.66754998904;71153.39062080382;1.024510429561299
349;5.156862656726979;171.29630932386831;85478.81096967067;71254.00462971367;0.9333066891392732
350;4.742559461439743;155.2338135831519;85598.5599534905;71354.83764170093;0.7223055090011322
351;4.621125683104111;146.30345773166584;85717.67598343619;71455.76614701567;0.5312520682429961
352;4.56862623293042;147.71204005545164;85839.03097218889;71556.31610316866;0.5498085201004859
353;3.7247539211987073;146.9035811628006;85958.80905163506;71656.27511255706;0.709113227540384
354;3.006807029510835;139.90769980257429;86076.16828582165;71755.38927681242;1.0015893186061562
355;2.5145712355213807;132.40318983570296;86192.68338775402;71853.92548488038;1.444511075123081
356;2.126620692296348;124.58309190988585;86308.86626224579;71952.19813724652;2.2162312367924804
357;2.5168518772560686;122.70219818121588;86426.74785761564;72050.25676366402;2.3165303848777175
358;2.952723141808762;126.18590408327474;86545.53554442507;72148.14129172603;2.0551008483546145
359;3.215087086718613;138.75683522405276;86664.16817784215;72245.2859213993;1.7885931015343846
360;3.171372618166067;145.15694148364153;86781.10051043113;72342.16524275493;1.3373573413635598
361;2.951730654276566;146.67724171271422;86897.41180500788;72439.13986463004;1.5611490113082136
362;2.71448819426173;139.15176115448807;87014.43871612282;72537.8468187824;2.05079588230933
363;2.488055884948095;130.2578049466222;87131.74199499743;72636.94702002982;2.498321356279563
364;1.9437679743806349;117.90410327099188;87248.84256618074;72737.09912080216;3.3592306497256947
