date;ocean_mixed_layer_thickness;Ammonium;Nitrate;Temperature;northward_Water_current;eastward_Water_current;par
2020-01-25 12:00:00;10.400024;0.3690872236004226;14.3881327572423;9.29720725511879;0.0012496767461893429;0.019888861332157674;
2020-01-26 12:00:00;11.400024;0.4000000059604645;12.493322857996876;9.326217020794067;-0.01751998110922171;0.02496941222308626;
2020-01-27 12:00:00;19.799927;0.30000001192092896;9.759881521929605;9.411179135058005;-0.004622227693744784;0.007232067595467096;
2020-01-28 12:00:00;31.599976;0.4000000059604645;9.0;9.409342547728674;-0.01335606914572083;-0.004405027732216861;
2020-01-29 12:00:00;27.099976;0.4000000059604645;8.899993896484375;9.354332415938483;0.004557362296905905;-0.027846443296219325;9.898859024047852
2020-01-30 12:00:00;18.099976;0.30000001192092896;8.697641391508377;9.386751586091501;0.0032063230663349055;-0.049520192277406276;0.288997083902359
2020-01-31 12:00:00;18.799927;0.30000001192092896;8.966147500622828;9.388350043458965;-0.02706151209911834;-0.007084043887400493;13.674921989440918
2020-02-01 12:00:00;22.199951;0.4000000059604645;9.199981689453125;9.281599027235622;-0.015568638747486038;0.003697230810901689;5.707925796508789
2020-02-02 12:00:00;26.699951;0.4000000059604645;9.0;9.272451718049181;-0.011695323482269052;0.02306644686845546;6.499231338500977
2020-02-03 12:00:00;22.900024;0.4000000059604645;9.054309239151845;9.204395560483091;-0.0188312823209074;-0.013075445743195333;7.525235652923584
2020-02-04 12:00:00;18.699951;0.4000000059604645;9.216693879597486;9.087402913785136;-0.003201941395444712;-0.015678677723192466;10.33502197265625
2020-02-05 12:00:00;16.799927;0.33756522344895057;9.199981689453125;9.040129688394636;0.008467795386185459;-0.02973920693893738;6.8257222175598145
2020-02-06 12:00:00;27.900024;0.30000001192092896;8.962402762173266;9.0946237523252;0.008245186501866297;-0.03219860737792515;0.6807500720024109
2020-02-07 12:00:00;37.299927;0.30000001192092896;8.79998779296875;9.134048508422149;-0.009732042156369814;-0.010912542388238411;1.4696128368377686
2020-02-08 12:00:00;31.900024;0.4000000059604645;9.638981101910364;9.000248658496393;-0.010768767325685812;0.013734903217585567;13.56252384185791
2020-02-09 12:00:00;50.799927;0.4000000059604645;9.199981689453125;9.086000442504883;-0.0037792664083571405;0.006668731295607222;12.81578540802002
2020-02-10 12:00:00;54.5;0.4000000059604645;9.100006103515625;9.041467006304975;-0.0005705830501261385;0.01082900968193044;10.57068920135498
2020-02-11 12:00:00;53.0;0.4000000059604645;9.0;8.908700584591058;-0.0026217928554807374;-0.003820057870173494;7.514412879943848
2020-02-12 12:00:00;33.299927;0.4000000059604645;9.121577721614942;8.797754778939392;0.00679042414804663;-0.025837952243125333;15.9292631149292
2020-02-13 12:00:00;23.099976;0.4000000059604645;9.25382083339382;8.770589434258433;-0.021959767946861133;-0.04715493928801306;11.565799713134766
2020-02-14 12:00:00;26.0;0.4000000059604645;9.399993896484375;8.79366401566304;-0.009542749306354433;-0.014517584273662969;2.065779685974121
2020-02-15 12:00:00;35.19995;0.4000000059604645;9.29998779296875;8.821000099182129;-0.0042505317013998055;0.0017689697366178184;11.904023170471191
2020-02-16 12:00:00;53.400024;0.4000000059604645;9.29998779296875;8.785250984825913;-0.007065871975471909;0.0035238259789199546;18.225818634033203
2020-02-17 12:00:00;54.5;0.4000000059604645;9.29998779296875;8.685286906275902;-0.005666584906776793;0.01012552042290753;10.823006629943848
2020-02-18 12:00:00;39.299927;0.4000000059604645;9.29998779296875;8.616446775637494;-0.011950211510384532;-0.014411368680430256;5.169001579284668
2020-02-19 12:00:00;27.0;0.4000000059604645;9.600006103515625;8.543739348609424;-0.008759032123538736;-0.016703626726176823;15.852280616760254
2020-02-20 12:00:00;26.699951;0.5;9.79998779296875;8.514864259177886;-0.0321245673886985;-0.012667446739243053;5.499199867248535
2020-02-21 12:00:00;33.099976;0.5;9.699981689453125;8.502735763207946;-0.006872617477587071;0.016918196244099397;4.681277751922607
2020-02-22 12:00:00;39.099976;0.5;9.5;8.55491759696224;-0.003418885223946466;-0.004225345573395737;11.266502380371094
2020-02-23 12:00:00;22.299927;0.5;9.639240053283899;8.545261298676753;0.00669131731971329;-0.026523546134274528;20.3461856842041
2020-02-24 12:00:00;28.5;0.5;9.899993896484375;8.541956805247931;-0.024472390480012707;-0.011662242240205753;19.947460174560547
2020-02-25 12:00:00;27.5;0.5;10.399993896484375;8.44987204402181;-0.03919990230544066;0.01604872811600689;14.475762367248535
2020-02-26 12:00:00;26.199951;0.5;9.855863845741863;8.475370290504202;0.0023681178427896643;-0.022263237173179268;23.63043785095215
2020-02-27 12:00:00;12.400024;0.4358778326565998;10.16176568404432;8.396132545721928;0.01250256764165431;-0.07709538110607637;12.527496337890625
2020-02-28 12:00:00;14.599976;0.5;11.102128277447438;8.418797532703321;-0.021889492626967624;-0.018450035100661198;1.9433075189590454
2020-02-29 12:00:00;30.799927;0.5;11.158902935795702;8.379632560633416;-0.03185590657880545;0.03460783047027104;19.1003475189209
2020-03-01 12:00:00;38.69995;0.5;9.744306969345573;8.436500222920154;-0.00403301559934352;-0.008073418111153332;8.846952438354492
2020-03-02 12:00:00;21.0;0.5;10.699981689453125;8.247242500059917;-0.03257178478166606;-0.025208641006483328;20.648866653442383
2020-03-03 12:00:00;13.199951;0.5;12.80080388879645;8.06239974131221;-0.023597377104126075;-0.05963535055878606;20.206653594970703
2020-03-04 12:00:00;11.400024;0.5;12.219442062677306;8.176564817324456;-0.009302875371428517;-0.09250306682589111;25.751359939575195
2020-03-05 12:00:00;10.799927;0.553328330912909;14.039667235005398;8.103886689240122;-0.03635675205137109;-0.06928523715553538;20.6054630279541
2020-03-06 12:00:00;16.099976;0.5772428065798997;13.82277364867717;8.06570486188934;-0.028967455819190777;-0.005364937507586951;5.666103839874268
2020-03-07 12:00:00;21.900024;0.5;11.745157201775172;8.248014196519554;-0.004652761339518523;0.01849332059063917;23.1192569732666
2020-03-08 12:00:00;27.099976;0.5;11.100006103515625;8.30152349805523;-0.01482364907730882;-0.020171851532551997;4.274985313415527
2020-03-09 12:00:00;26.900024;0.5;10.899993896484375;8.290418112627194;-0.009356607467920611;0.0022590892748558314;11.956068992614746
2020-03-10 12:00:00;24.699951;0.5;10.869436762644295;8.333926592546778;0.000428024638769711;-0.00874448708187459;27.040151596069336
2020-03-11 12:00:00;25.599976;0.5;10.899993896484375;8.308116481393073;-0.014584092114323462;0.012696817602535632;10.157079696655273
2020-03-12 12:00:00;39.900024;0.5;10.399993896484375;8.288144571827013;-0.014364611894072087;0.014863982224935469;15.860655784606934
2020-03-13 12:00:00;25.900024;0.5;10.29998779296875;8.261311401213867;0.009369587393610093;-0.023556206117074728;6.232568740844727
2020-03-14 12:00:00;17.699951;0.5;10.682690123893577;8.253473074942352;-0.018450578837149977;-0.022622188755470545;20.40413475036621
2020-03-15 12:00:00;12.900024;0.6000000238418579;12.024248352032373;8.194409271970343;-0.02575721168377207;-0.06951137817557484;6.426621437072754
2020-03-16 12:00:00;12.0;0.6000000238418579;13.209083536482353;8.152502061415703;-0.029388449537178597;-0.006162827819202132;10.190227508544922
2020-03-17 12:00:00;13.799927;0.6000000238418579;13.574423837543163;8.189948447628423;-0.018013224439409177;0.0009297631320566062;10.012136459350586
2020-03-18 12:00:00;11.699951;0.6000000238418579;13.67112620891133;8.20303929101337;0.006265312437669715;-0.044489524948623925;15.605013847351074
2020-03-19 12:00:00;10.599976;0.6000000238418579;15.015706795623382;8.139937090285791;-0.011770737599968417;-0.06740404183078436;13.132692337036133
2020-03-20 12:00:00;12.900024;0.6000000238418579;15.514523061168802;8.097571490252527;-0.011667308753560705;-0.06537375257701517;7.337795257568359
2020-03-21 12:00:00;14.299927;0.6869659595477416;15.490419637580448;8.096662190350706;0.0023765085322721468;-0.049357219653240816;29.408199310302734
2020-03-22 12:00:00;11.400024;0.699999988079071;16.4158520699762;8.134260974653928;0.040259717915594816;-0.03847663778865055;14.626077651977539
2020-03-23 12:00:00;14.0;0.6000000238418579;13.500215199800024;8.213983261918044;0.04757030478406222;0.006092973393721286;6.32415771484375
2020-03-24 12:00:00;18.699951;0.5;11.075026484365193;8.263898925854843;0.02106591798771826;0.02050487212551876;16.313434600830078
2020-03-25 12:00:00;15.900024;0.5;10.799666830677662;8.331732575191692;0.010614880466203666;-0.0024305029805870367;36.73788833618164
2020-03-26 12:00:00;12.199951;0.5;10.994989557771346;8.473122986966647;0.016561843098948734;-0.018039009193578568;37.483882904052734
2020-03-27 12:00:00;10.400024;0.5;12.173744392455891;8.570758573336267;0.015541459590880507;-0.028910389089492117;33.17694091796875
2020-03-28 12:00:00;10.400024;0.5;13.640626835438551;8.578472346489168;0.015899402233974933;-0.059284734812869604;38.227935791015625
2020-03-29 12:00:00;10.900024;0.5;14.925536581230277;8.460765782759756;0.0011526129632154622;-0.07708813656035395;21.220046997070312
2020-03-30 12:00:00;10.400024;0.5;16.28324839594074;8.439135251637142;0.005114619542087285;-0.04521250859149161;25.86034393310547
2020-03-31 12:00:00;10.5;0.5;16.493673915497112;8.493539286913633;0.0019090811490638181;-0.025038141318505718;24.65546989440918
2020-04-01 12:00:00;10.299927;0.4709526160075481;15.943082212203915;8.528074433805456;-0.0055725858395048134;0.0009481496733665096;34.21257781982422
2020-04-02 12:00:00;10.400024;0.4158532910412571;14.263148081731668;8.596034774797918;-0.019623897125141745;0.0249747429379606;28.443649291992188
2020-04-03 12:00:00;10.400024;0.43091278832050633;11.833458999072166;8.652281399378959;0.0016105113847776275;0.03278643002552557;22.14887237548828
2020-04-04 12:00:00;13.400024;0.42172403934958347;10.534584593682833;8.680660481545493;0.05268760339268858;0.031219101686692542;7.219205379486084
2020-04-05 12:00:00;28.599976;0.5;9.29998779296875;8.595417525851289;0.019735024999363974;0.008442123749188775;42.490135192871094
2020-04-06 12:00:00;19.400024;0.6000000238418579;9.254051923873476;8.604311375829667;-0.0011134879977302004;-0.005693535987897386;42.368560791015625
2020-04-07 12:00:00;12.599976;0.6000000238418579;9.116755832812487;8.741671805978477;0.01392695469401356;0.004985978508274706;43.441001892089844
2020-04-08 12:00:00;12.299927;0.5;9.041397611988707;8.878220601618416;0.019552633433163585;-0.02432753553273021;21.078763961791992
2020-04-09 12:00:00;11.599976;0.5;9.0;9.010106713071593;0.022461155147870324;-0.013229072324185801;15.769073486328125
2020-04-10 12:00:00;11.799927;0.43910905560201097;9.142925223518432;9.065718044551566;0.01820169841811051;-0.016161673430632927;44.85091018676758
2020-04-11 12:00:00;11.199951;0.5;9.677942733046049;9.233520946250604;0.003994862460512101;-0.015171084757780945;9.185168266296387
2020-04-12 12:00:00;10.799927;0.41896909539539706;9.94683363017377;9.318733893733782;-0.0020057421292090506;-0.030633635297836297;45.670677185058594
2020-04-13 12:00:00;15.099976;0.6000000238418579;10.16411056021255;9.039691891488532;0.009701381735819962;-0.009611833299946143;46.25726318359375
2020-04-14 12:00:00;18.400024;0.6000000238418579;9.721640631202572;9.11812451947077;0.0055770184408294055;0.012800285247832154;46.62796401977539
2020-04-15 12:00:00;17.5;0.6000000238418579;8.73289466505702;9.209902899832853;0.00861706197661036;0.01282153810440272;15.722099304199219
2020-04-16 12:00:00;14.599976;0.5507870057259636;8.443193119818417;9.333845030545453;0.01101069946204095;-0.0017111477596487715;14.90461254119873
2020-04-17 12:00:00;15.900024;0.5079334442451864;8.310524298402074;9.40862450845521;0.009819873683640658;-0.00595923587749834;8.841615676879883
2020-04-18 12:00:00;12.599976;0.5;7.518339155097465;9.528009583542406;0.017877187409620268;-0.0027393875449036494;13.722982406616211
2020-04-19 12:00:00;13.199951;0.6000000238418579;7.100006103515625;9.658049208914822;0.038178764850599546;-0.0044459239775337936;33.50095748901367
2020-04-20 12:00:00;15.900024;0.6000000238418579;7.620045551463284;9.790867768682617;0.002207865774662383;0.009425810128254605;16.965078353881836
2020-04-21 12:00:00;12.0;0.5270726838743018;7.699981689453125;9.919036427298295;0.005153202066518171;0.003436185373868159;48.70339584350586
2020-04-22 12:00:00;10.799927;0.5334709699303859;7.4506136220150925;10.008153092278876;0.010337130836692385;-0.0034343891671236343;29.822675704956055
2020-04-23 12:00:00;10.400024;0.5467660719289147;7.092822416626907;10.106830072464149;0.012693281142940242;-0.01295089296348914;50.65837478637695
2020-04-24 12:00:00;10.400024;0.5369805185533824;6.708458509614396;10.246547856056866;0.01085185718016964;-0.018251160912423094;32.0924072265625
2020-04-25 12:00:00;10.400024;0.4730758964693256;6.2915760194520605;10.400078156000182;0.012611188154077699;-0.017530043548293607;22.831043243408203
2020-04-26 12:00:00;10.400024;0.44462110200728033;5.928723591100113;10.576336236889942;0.005991513500133458;-0.02326191683587718;17.494617462158203
2020-04-27 12:00:00;10.400024;0.43091278832050633;6.038106118834167;10.54709619497794;0.00795305581436776;-0.030162024488859327;42.05970764160156
2020-04-28 12:00:00;10.400024;0.5359832668560056;7.2256954210447875;10.605053813634418;0.004904640365822471;-0.017529134780596718;12.205284118652344
2020-04-29 12:00:00;10.400024;0.6000000238418579;8.767741490853428;10.728481243777054;-0.011812899944381876;0.026317173819099805;41.533485412597656
2020-04-30 12:00:00;10.400024;0.6467660867946122;8.115715143354125;10.483808697422074;0.016538639864200778;-0.01776676874804074;46.88288879394531
2020-05-01 12:00:00;10.400024;0.6317065940034432;6.768323882763724;10.35985943635437;-0.0023784914800534904;-0.053861833733634144;42.067081451416016
2020-05-02 12:00:00;10.599976;0.617440593355701;5.84767429820767;10.234515049875707;0.030347892569300875;-0.022529865729121325;19.44405746459961
2020-05-03 12:00:00;12.699951;0.5;5.886522424581926;10.179826194510078;0.001828017126567819;-0.018215337687434364;33.297332763671875
2020-05-04 12:00:00;13.299927;0.6000000238418579;7.174124622896215;10.310724808271289;0.005891777484192621;-0.02049487798197856;13.775069236755371
2020-05-05 12:00:00;17.699951;0.7827042196332117;7.44789572847007;10.183600792027969;0.0020890884900040363;-0.027969322313174182;9.208990097045898
2020-05-06 12:00:00;15.299927;0.9000000357627869;8.785113638047818;10.127157475489634;0.008183159809266136;-0.026578690269451262;50.83307647705078
2020-05-07 12:00:00;12.400024;0.9579441527617698;8.901944345512408;10.20848224695272;0.012750847266550645;-0.004043248205782065;55.54924011230469
2020-05-08 12:00:00;10.799927;0.9000000357627869;9.410094829563144;10.515252542836109;0.010049540735581987;0.005883894339063803;55.48468017578125
2020-05-09 12:00:00;10.5;0.800000011920929;8.822019212524713;10.764540882273606;0.003863232465675335;-0.003018581661986041;49.143646240234375
2020-05-10 12:00:00;10.400024;0.699999988079071;9.239608967055805;11.017313803625475;0.006456335155440677;-0.03357220384002727;56.88923263549805
2020-05-11 12:00:00;12.299927;0.7468248241003211;9.115635037817752;10.508957544198024;-0.007885026184565118;-0.029138078667420065;57.166526794433594
2020-05-12 12:00:00;11.400024;0.699999988079071;10.567146735910756;10.619023805278335;-0.006912338245508483;0.004652359904126324;39.555030822753906
2020-05-13 12:00:00;10.400024;0.5755088795490855;10.495652929433188;10.78900214835829;0.012645632582738231;0.004770864372487972;57.835906982421875
2020-05-14 12:00:00;10.400024;0.46908721763995814;8.601194444820722;10.763508855095374;0.016590538546803334;0.002608129651032102;57.95625686645508
2020-05-15 12:00:00;10.400024;0.4023146397330776;6.515518671345269;10.78016346230183;0.015545705794177977;-0.006894547509557952;34.10548782348633
2020-05-16 12:00:00;10.400024;0.335983268053088;4.844217590485788;10.929157896937776;0.008249218633521961;-0.008958185984520244;41.37057113647461
2020-05-17 12:00:00;10.400024;0.3555485676858793;5.511232432741992;11.112253427658796;0.01342812368896995;0.012450294941578849;32.70994186401367
2020-05-18 12:00:00;10.400024;0.38414672087967183;4.856536688543199;11.152995977072335;0.015993551349456174;-0.02304678897352112;51.610679626464844
2020-05-19 12:00:00;10.400024;0.3427774052570434;3.2449374262628723;11.26495347082489;-0.0014031752741676185;-0.07275571620923431;34.57117462158203
2020-05-20 12:00:00;10.5;0.4000000059604645;4.215407829937806;11.609002800048986;-0.014664734374449588;-0.0576384132633836;14.733722686767578
2020-05-21 12:00:00;12.900024;0.5250587336859054;5.519497241297813;11.549599114329006;0.010287154023546952;-0.0074523786053223955;56.40493392944336
2020-05-22 12:00:00;21.799927;0.800000011920929;4.5;11.11753375810817;-0.0032168162133157673;0.0278035174425063;39.73820877075195
2020-05-23 12:00:00;17.799927;0.800000011920929;4.376233240344122;11.013879932159101;-0.023450356505397604;-0.037710464554392184;60.36336898803711
2020-05-24 12:00:00;10.5;0.8548516379282359;5.5749861434388635;11.027282532426025;-0.01813427075644585;-0.08473500010442028;15.223978996276855
2020-05-25 12:00:00;10.400024;0.8841467459573468;5.83771136208162;11.12346344439192;-0.014108706460581866;-0.07551469190653702;60.43401336669922
2020-05-26 12:00:00;10.299927;0.9722661013022937;6.789698472338696;11.074906905270092;-0.008526896113479704;-0.10125430028687057;60.87449264526367
2020-05-27 12:00:00;10.299927;1.1351570819951249;8.085594380046137;11.089104334521478;-0.00583084544181307;-0.09234899921265152;60.83681106567383
2020-05-28 12:00:00;11.299927;0.8509686669998058;6.067846947412278;11.198220855085886;0.021368101751644743;-0.06634127706712914;51.34028625488281
2020-05-29 12:00:00;17.299927;0.3846165801469299;3.850319694440651;11.323169279859716;0.02158431277940581;-0.013162430398136735;61.46395492553711
2020-05-30 12:00:00;14.699951;0.3391798607309307;3.0678123534663935;11.516877760485158;0.02171428842808105;-0.0014050757768017596;61.8609733581543
2020-05-31 12:00:00;11.599976;0.20000000298023224;2.9770399525557423;11.884108960521438;0.010720335561093579;0.005119810935817521;60.004600524902344
2020-06-01 12:00:00;10.400024;0.22012997703119824;4.588107840195843;12.291027651748722;-0.012379048550995636;0.02223985953765172;62.01704788208008
2020-06-02 12:00:00;10.400024;0.24086800572604633;5.904591058853903;12.767091642435096;-0.013746135264077967;0.02290570138776188;59.52885437011719
2020-06-03 12:00:00;10.400024;0.25863069013379175;5.2779342615482845;12.822944973193463;-0.018349724851098856;-0.012929221562611254;23.88646125793457
2020-06-04 12:00:00;10.400024;0.38494050868121527;5.134494797098853;12.660401350010574;-0.044771958713405925;0.0012691807167270533;49.24357986450195
2020-06-05 12:00:00;11.0;0.6000000238418579;3.79998779296875;12.26957696451798;-0.015257387804567878;-0.023674225275349667;46.258113861083984
2020-06-06 12:00:00;14.5;0.699999988079071;3.3715241533585365;11.986263628075909;-0.015240402710983219;-0.05172476126922051;40.72649383544922
2020-06-07 12:00:00;11.599976;0.800000011920929;3.4774542377620037;11.972301050181251;0.005433502048198192;-0.0661134914635935;20.614768981933594
2020-06-08 12:00:00;10.699951;0.6415783259706133;3.7499500058366633;12.201195272527176;-0.007306239539005634;-0.01632949209129703;40.58823776245117
2020-06-09 12:00:00;10.400024;0.4738598532985062;4.3115301053831985;12.375969569167319;-0.0010247390327234479;0.00510327612542372;26.90824317932129
2020-06-10 12:00:00;10.400024;0.38309680372647376;4.102118079207323;12.473022516781569;-0.013483782973197318;-0.013574341381101246;51.63153076171875
2020-06-11 12:00:00;10.5;0.5;4.423422725360558;12.26536098880231;-0.00797330529739669;-0.08708017625171575;16.779165267944336
2020-06-12 12:00:00;10.5;0.6107994972793384;6.224031462780928;12.204544813395936;-0.019879341574698683;-0.03721938857386147;61.1931037902832
2020-06-13 12:00:00;10.400024;0.5118646237247301;6.4105670879041385;12.416870922722842;-0.0020321940530352665;0.027006670506752487;6.733107089996338
2020-06-14 12:00:00;10.400024;0.33108245665956526;4.6176828056378465;12.897663732654125;0.005538469150884364;0.03135469639859533;59.703067779541016
2020-06-15 12:00:00;10.400024;0.22692411642872093;4.32458849815185;13.38650122552996;-0.0020203154727881927;0.044322247026368146;53.19910430908203
2020-06-16 12:00:00;10.400024;0.14277739801339495;2.916312946609761;13.801017772824544;-0.020340569506797895;0.023201682587530414;29.756099700927734
2020-06-17 12:00:00;10.400024;0.13108244854457518;2.511144506582779;14.048657824634473;-0.011807343464219211;0.00337316598779505;63.01363754272461
2020-06-18 12:00:00;10.400024;0.14277739801339495;3.579940106955281;14.248035670536726;-0.010945172981949705;0.00131698107949339;44.244544982910156
2020-06-19 12:00:00;10.400024;0.14277739801339495;2.5450370519944383;14.305626124205478;0.0016127641692259879;0.012523515683104931;10.359248161315918
2020-06-20 12:00:00;14.400024;0.12715986161321716;0.7788157291190216;13.950281032527887;0.014502883479254257;0.018286364618217258;62.17460632324219
2020-06-21 12:00:00;17.0;0.20000000298023224;0.699981689453125;13.879371398263222;-0.01755141634047197;-0.0028256971058486196;28.039356231689453
2020-06-22 12:00:00;17.900024;0.20000000298023224;0.600006103515625;13.932492554379598;-0.004449509372482405;0.005504455756900743;13.694459915161133
2020-06-23 12:00:00;12.799927;0.20000000298023224;0.5797468963999773;13.967663244632618;-0.008573972089877998;-0.046892730526177234;62.79665756225586
2020-06-24 12:00:00;10.5;0.3473922950380771;2.0436448734577572;14.151786495046366;-0.006619444555771479;-0.0698513253526748;61.066497802734375
2020-06-25 12:00:00;10.400024;0.4433009911525958;3.9847298750513023;14.34209563005567;-0.012546036377137856;-0.047698518524301466;16.337778091430664
2020-06-26 12:00:00;10.400024;0.3824726840233302;3.9952487054376022;14.358781307620568;0.0022532370950495866;-0.01591039749365582;15.224231719970703
2020-06-27 12:00:00;10.900024;0.33183617635951085;2.92917404447565;14.23872247520869;-0.037906506540667156;0.028422589856539036;34.981544494628906
2020-06-28 12:00:00;18.0;0.30000001192092896;0.8813183411994122;13.487843780432316;-0.014554703042664926;0.00995100578602251;35.28327941894531
2020-06-29 12:00:00;16.199951;0.4000000059604645;1.2550971256580397;13.294220183830816;0.0021335583839688834;-0.04565437283467895;47.78540802001953
2020-06-30 12:00:00;10.400024;0.48414671491920735;3.0778451328282377;13.374161672392326;-0.016925068355727792;-0.1001896606280684;41.78828048706055
2020-07-01 12:00:00;10.400024;0.8123002433891809;5.190045435416054;13.393811197459385;-0.04251118358896011;-0.08360708185039768;41.42273712158203
2020-07-02 12:00:00;10.400024;0.6978550254950959;4.817022297294983;13.287675064751818;-0.02042215728314116;-0.028792205357998077;14.491510391235352
2020-07-03 12:00:00;11.5;0.4000000059604645;2.6058712457113415;12.92693090935822;0.005507201354957978;0.04963246246455559;24.116853713989258
2020-07-04 12:00:00;13.199951;0.4000000059604645;2.399993896484375;12.786369470557156;0.0003696638144502825;-0.01676862814663436;54.730003356933594
2020-07-05 12:00:00;16.799927;0.5;3.100006103515625;12.49250893905922;-0.025270816098826688;-0.028558440738090586;59.28894805908203
2020-07-06 12:00:00;12.5;0.5574807113550725;3.7930656649945886;12.475695198047706;-0.02301876527538818;-0.0814431709294625;13.427711486816406
2020-07-07 12:00:00;10.400024;0.7960113460767861;5.501211516309786;12.733084242195268;-0.038534382838310045;-0.04944814295924836;14.615200996398926
2020-07-08 12:00:00;10.400024;0.8086128544889326;6.325648461686728;12.768976643207964;-0.015782251546157235;-0.022458625891367538;52.836063385009766
2020-07-09 12:00:00;10.400024;0.7118646210165287;6.473975863806909;12.756832211802072;-0.007606663845981862;-0.07044288336343882;42.0789680480957
2020-07-10 12:00:00;10.400024;0.6981563114151508;7.621315050855061;12.40780916699166;-0.02843460631556604;-0.08104766653888314;56.88651657104492
2020-07-11 12:00:00;10.400024;0.5690872322690884;7.973595955600009;12.318545536031895;-0.009723736357946869;-0.026233600083460783;11.428775787353516
2020-07-12 12:00:00;10.400024;0.38414672087967183;7.658921047901697;12.701176537805123;-0.001465528743570331;0.029797221055596464;51.617156982421875
2020-07-13 12:00:00;10.400024;0.3309127942809708;6.1417382722720415;12.69178158342026;0.01031215532306079;0.016216412242812745;19.172216415405273
2020-07-14 12:00:00;10.400024;0.3309127942809708;5.8786113802145055;12.684287697343956;-0.022828041743718604;-0.0381755434605358;45.91093826293945
2020-07-15 12:00:00;11.699951;0.3875275603595179;6.505198385597778;12.116575656699899;-0.017699384678478307;-0.02374908375335228;56.89360427856445
2020-07-16 12:00:00;10.799927;0.36564078037556536;7.183625245674435;12.28898643120218;0.0010292414247326598;-0.01970284324001967;18.249723434448242
2020-07-17 12:00:00;10.400024;0.3158532970017216;6.75203211342004;12.61847511591897;0.02354151097508317;0.025019704551564437;55.650184631347656
2020-07-18 12:00:00;10.400024;0.30000001192092896;5.591193225091146;12.523346111837848;0.03437101560583417;-0.031186528376651503;48.535621643066406
2020-07-19 12:00:00;10.400024;0.20000000298023224;4.823312527959981;12.650525823125154;0.017622182891505758;-0.06961953507846068;56.32273483276367
2020-07-20 12:00:00;10.400024;0.22012997703119824;4.519064136412314;13.020704907769792;0.0035429359997059965;-0.02420072365280668;56.54166030883789
2020-07-21 12:00:00;10.400024;0.20642166232307518;4.197964252881499;13.307264105296401;0.012157632779151214;-0.006237023228973757;54.82274627685547
2020-07-22 12:00:00;10.400024;0.18646135297916724;4.383779588939292;13.637388849117935;0.01191955681896045;0.022085612237979054;50.70490646362305
2020-07-23 12:00:00;10.400024;0.17550887765985143;2.932721097431752;13.963010897871785;0.025706777259758763;-0.015400973925483187;5.109463691711426
2020-07-24 12:00:00;10.400024;0.15537890360888545;1.9761667436037131;14.464659046198;0.0022939748161737816;-0.01645300214290618;37.17536926269531
2020-07-25 12:00:00;10.400024;0.1690872183170085;1.9187390463631533;14.551365322722674;0.008820313437141639;-0.025661661964293783;38.34878158569336
2020-07-26 12:00:00;10.400024;0.18414671671827776;1.6430472011012947;14.62293948553499;0.013891467896044596;-0.031127746833320074;51.1551628112793
2020-07-27 12:00:00;10.400024;0.20000000298023224;1.5682975962486014;14.573674094070546;-0.014179602137934176;-0.06896552515222569;54.09004211425781
2020-07-28 12:00:00;10.400024;0.14277739801339495;1.9976054678452493;14.410176428498653;-0.007818688104205959;-0.08719856693986;15.263298034667969
2020-07-29 12:00:00;10.400024;0.1892171923679745;3.191249475906881;14.489321638899261;0.0002810212589250235;-0.03727610312130504;20.718656539916992
2020-07-30 12:00:00;11.599976;0.30000001192092896;2.8988226066448988;14.65276794202849;0.02985247338986788;0.009173437609023338;26.917238235473633
2020-07-31 12:00:00;12.799927;0.13475691705217704;1.1395035271779086;14.34984448580743;-0.007612096333655091;-0.05317949083056945;26.793859481811523
2020-08-01 12:00:00;10.5;0.11387619427875402;1.7544912668114443;14.381520901071603;-0.005475292603128165;-0.053263319858205836;50.598209381103516
2020-08-02 12:00:00;10.400024;0.21663724246247446;3.373674647878975;14.549807109189707;0.0018399076232720783;-0.044149911310566926;52.8267822265625
2020-08-03 12:00:00;10.400024;0.22170771511257156;3.9385927447448497;14.62539779392298;-0.003538168937725124;-0.03519105469492858;32.16556167602539
2020-08-04 12:00:00;10.400024;0.2244661245618275;3.429310763004039;14.776429350360084;0.0036620479708388857;0.045302071760453824;33.20863723754883
2020-08-05 12:00:00;11.5;0.17127033876285458;1.3781838792804137;14.714947823262932;0.038144571810190736;-0.03752275669558944;32.4089241027832
2020-08-06 12:00:00;10.400024;0.20000000298023224;1.282294562022902;14.858391393021373;-0.002392300245320248;-0.06282990284139012;53.98332595825195
2020-08-07 12:00:00;10.400024;0.3001696696931596;2.5118417287342387;15.019324012473735;-0.015575661735144977;-0.06292864370158859;53.72144317626953
2020-08-08 12:00:00;10.400024;0.4335154348607411;4.205524998812344;15.163597042471116;-0.015504172814330692;-0.04350930535836882;53.26634216308594
2020-08-09 12:00:00;10.400024;0.48247267571014324;5.320700820633522;15.300215487838411;-0.016220609541782102;-0.01961393941732323;49.82440185546875
2020-08-10 12:00:00;10.400024;0.3846176545558126;4.672300186607541;15.297248814377923;-0.006395810448086406;-0.003346417327064786;52.637474060058594
2020-08-11 12:00:00;10.400024;0.3518861728486418;4.162791955600991;15.38892499048257;-0.0058157440933956145;-0.0002618579876480691;52.29103469848633
2020-08-12 12:00:00;10.400024;0.23767376876916993;3.120721053266055;15.31507676226286;0.0015785711264794575;-0.004242271715967096;15.08768367767334
2020-08-13 12:00:00;10.400024;0.19398981843504312;2.9293626110588113;15.201192450075519;0.0023260728442665874;-0.016514833293344355;16.91319465637207
2020-08-14 12:00:00;10.400024;0.24936871910933134;3.1592741751592692;15.321392770731098;0.009233145756975395;-0.0015801500529586826;5.069864749908447
2020-08-15 12:00:00;10.400024;0.2740295075047243;2.9980533513906775;15.44312504067312;0.010693271884370895;0.006398063469041597;20.277362823486328
2020-08-16 12:00:00;10.400024;0.32824149014635384;3.2344436570139123;15.418009982254592;0.01047860268066994;0.013123820113923868;36.29509735107422
2020-08-17 12:00:00;10.400024;0.3433009885476231;2.966986147447734;15.65606120886406;0.01002110742894133;0.017360655609583574;49.859371185302734
2020-08-18 12:00:00;10.400024;0.2630770338174544;2.5381590545795896;16.017729545367384;0.009995493467380151;0.03820560429225818;13.496197700500488
2020-08-19 12:00:00;10.5;0.14237009444721388;1.6171304721127384;16.448935831635254;0.0008212368452492697;0.0505918711040995;44.95416259765625
2020-08-20 12:00:00;21.0;0.20000000298023224;1.0816850566415788;15.328041126561374;0.013371783167729846;0.034123943498776156;13.81251049041748
2020-08-21 12:00:00;21.5;0.20000000298023224;0.699981689453125;15.030511191045322;-0.022545209439200176;0.008059221807477755;34.31977844238281
2020-08-22 12:00:00;18.699951;0.20000000298023224;0.6917102314620207;15.233180210225605;-0.034108058422222115;-0.007909644202419356;34.90199279785156
2020-08-23 12:00:00;13.0;0.10000000149011612;0.6552625124983574;15.390785939868271;-0.01302592107918902;-0.02935726816757291;20.172595977783203
2020-08-24 12:00:00;10.599976;0.20000000298023224;1.3650599607467153;15.605847061923313;0.0012510820126634074;-0.04628896646093285;32.31126022338867
2020-08-25 12:00:00;19.099976;0.4000000059604645;1.2897925987561112;15.28819085539147;-0.0274435662725186;0.030418887628841613;45.23033142089844
2020-08-26 12:00:00;14.400024;0.4000000059604645;1.6227287567337771;15.208184067637518;0.007442383532016342;-0.033315937469876857;45.144622802734375
2020-08-27 12:00:00;10.400024;0.4158532910412571;2.8150482103044396;15.478347549942608;-0.02298863285112592;-0.027597262539270404;28.731225967407227
2020-08-28 12:00:00;10.400024;0.6604743963959901;5.824616055566375;15.244511587687597;-0.05357223804273487;-0.11207334621115948;38.12738800048828
2020-08-29 12:00:00;10.400024;1.0150595017673294;7.61816898142327;14.472280527648543;-0.038891616243447405;-0.101619327735637;44.60566711425781
2020-08-30 12:00:00;10.400024;0.7553789025759894;6.676796443191172;14.316338562326578;-0.004241557104381703;0.011412997154374436;13.05897331237793
2020-08-31 12:00:00;10.5;0.30000001192092896;4.449218062963367;14.089384731866403;0.02236325727578725;0.03680287182109068;41.07161331176758
2020-09-01 12:00:00;11.0;0.24044418503175913;3.0739125405368593;14.23398868903466;-0.0009889659306847188;0.030955258940831926;8.89371109008789
2020-09-02 12:00:00;10.400024;0.28414672447781264;3.695516575480582;14.561513153468457;-0.007793915712725783;0.048995382274788654;31.593631744384766
2020-09-03 12:00:00;10.400024;0.38414672087967183;3.4444073439578187;;0.0018904930790717004;-0.0005140273190220279;39.8629264831543
2020-09-04 12:00:00;10.400024;0.30000001192092896;2.636569512958026;14.552827072306076;-0.0005767312459416593;-0.029961384724666237;30.34587860107422
2020-09-05 12:00:00;10.400024;0.30000001192092896;2.2532237064049854;14.565961441384916;-0.027251516591654663;-0.036090324853721475;21.059762954711914
2020-09-06 12:00:00;10.400024;0.30000001192092896;3.1369190005387106;14.596006823563528;-0.015721714799693105;-0.033550719176789624;13.846107482910156
2020-09-07 12:00:00;10.400024;0.3553789099136486;4.320061138083822;14.627880122599201;-0.01995190145678666;-0.0027942895123024337;13.046333312988281
2020-09-08 12:00:00;10.400024;0.30000001192092896;3.136075312225292;14.497718202604267;-0.006789515658840123;0.02368005251523075;37.66919708251953
2020-09-09 12:00:00;10.400024;0.35863069033783607;3.1149480245867913;14.519132759124505;0.002427057258769328;-0.0275177052462285;26.46023178100586
2020-09-10 12:00:00;10.400024;0.3897131350764724;4.8888697374750265;14.639823457078862;-0.017980155625224453;-0.01929324035762113;14.927177429199219
2020-09-11 12:00:00;10.400024;0.35863069033783607;3.7256887119266904;14.383240515153194;-0.007805111994790232;0.03815172964878741;33.18894958496094
2020-09-12 12:00:00;10.400024;0.30000001192092896;2.1682780202250496;14.086520024450769;0.015217149175230198;0.016057347556420017;16.662139892578125
2020-09-13 12:00:00;10.900024;0.20000000298023224;1.899993896484375;14.085829132484974;0.008269520986222726;-0.019774244662020966;6.021376132965088
2020-09-14 12:00:00;11.699951;0.11035006822198828;1.6851329479565886;14.09214067936852;0.008929640437944277;-0.041544346155934525;9.363551139831543
2020-09-15 12:00:00;11.099976;0.17884052630783687;2.4617114094577843;14.278942450219331;0.0005267584936789107;-0.045472383266624866;25.173307418823242
2020-09-16 12:00:00;10.400024;0.20000000298023224;2.7593785180837656;14.513479225088098;0.00369474990887848;-0.01644395279172375;13.397318840026855
2020-09-17 12:00:00;11.099976;0.20000000298023224;3.1680820797917995;14.712505048038057;0.018459347644584366;-0.011810313508423655;35.52985382080078
2020-09-18 12:00:00;12.400024;0.20000000298023224;3.148287199880349;14.784281178594375;0.008470054384205405;-0.004475901641663217;32.64250564575195
2020-09-19 12:00:00;12.099976;0.2866861226180155;4.461280846195734;14.899645492314908;-0.008346327174510088;0.003139391699142273;34.627559661865234
2020-09-20 12:00:00;10.400024;0.3690872236004226;5.887475129661782;15.094389672224718;-0.00747257546334303;0.010209706995011026;23.221542358398438
2020-09-21 12:00:00;10.400024;0.38039362350102324;6.089025416591169;15.230529215447609;-0.0024853737130633084;0.013396122230488826;16.69584083557129
2020-09-22 12:00:00;10.400024;0.38095182997013144;5.344021340450986;15.21556092506858;-0.00641063689465383;0.014484779539693215;29.093128204345703
2020-09-23 12:00:00;10.699951;0.34893868709496967;4.012449599321132;15.045560460537526;0.0027358263182716645;0.014198517036279824;32.085594177246094
2020-09-24 12:00:00;24.799927;0.4000000059604645;2.0;14.668979856686722;-0.018183737988744772;-0.02351330290852768;30.868757247924805
2020-09-25 12:00:00;21.400024;0.43159538495575034;1.79998779296875;14.48374611777639;-0.000267184159049876;-0.06971090544018092;31.274843215942383
2020-09-26 12:00:00;18.900024;0.4000000059604645;1.5577432059010334;14.414703987682191;0.025256348450293127;-0.04702429992107886;9.468914985656738
2020-09-27 12:00:00;14.099976;0.2509581596230359;1.5772953649176866;14.491677010693488;0.002695306347068999;0.010819841134026911;30.860671997070312
2020-09-28 12:00:00;10.400024;0.4086128341500259;2.91402367869306;14.545176892538015;-0.007813022313434918;0.0004874919674224198;29.150123596191406
2020-09-29 12:00:00;12.299927;0.3436926161394438;3.0801189228773924;14.56769956205567;0.002113985282757257;0.03862658901156235;21.797542572021484
2020-09-30 12:00:00;13.799927;0.37600764286438454;2.537782681882532;14.55106034767325;-0.016796260057760918;-0.003661404715152629;19.358312606811523
2020-10-01 12:00:00;10.599976;0.5;3.8127910177289794;14.245346101970696;-0.012086283854302281;-0.03759265546643741;23.769268035888672
2020-10-02 12:00:00;13.299927;0.5788651028549872;4.218124800567466;14.127682566172268;-0.023917834812403366;-0.07316680419499588;25.559417724609375
2020-10-03 12:00:00;12.099976;0.6866861047279293;5.353349037211852;14.017644933817337;-0.03229540256001627;-0.03524366928478968;14.45598030090332
2020-10-04 12:00:00;17.900024;0.6585976796501416;4.436973571298097;13.98460493136933;-0.038525334559034306;-0.04561904584364807;7.714030742645264
2020-10-05 12:00:00;19.400024;0.6000000238418579;4.0884218566689015;13.848350372244695;-0.016010014953375354;-0.03353958792986707;18.65179443359375
2020-10-06 12:00:00;21.900024;0.6000000238418579;4.199981689453125;13.63241904867862;-0.014673686070916101;-0.030970077130130738;7.527916431427002
2020-10-07 12:00:00;12.900024;0.699999988079071;5.049152152462739;13.443154819447763;-0.0178569668893013;-0.03776661295747111;25.667694091796875
2020-10-08 12:00:00;10.699951;0.7817880332395796;5.900642129984417;13.340885858416767;-0.021284500269843812;-0.0804557580562078;16.579578399658203
2020-10-09 12:00:00;10.400024;0.8841467459573468;7.032591954603491;13.19165499031915;-0.046763135451090905;-0.06755297269042543;17.853443145751953
2020-10-10 12:00:00;10.400024;0.8682934561519068;7.898975122729379;13.058393865263211;-0.04007377467397236;-0.07737605151399767;12.725637435913086
2020-10-11 12:00:00;10.299927;0.7699289658686831;8.764133371370574;12.989819594093172;-0.008205255431456553;-0.024423373808810003;20.244590759277344
2020-10-12 12:00:00;10.400024;0.6532339251263167;8.483916209054525;12.916074457202814;-0.02380277978555723;-0.03411562792347448;21.298015594482422
2020-10-13 12:00:00;10.400024;0.5;7.632248039965363;12.656309910681335;-0.008113092368245233;-0.020916559202110392;22.636838912963867
2020-10-14 12:00:00;10.400024;0.4000000059604645;7.381949190894698;12.461599805351966;0.003309613384721172;-0.0065373169477188926;22.41737174987793
2020-10-15 12:00:00;10.699951;0.4000000059604645;6.881094892414403;12.396609520716298;0.014515656157144138;0.009793811547223995;19.009138107299805
2020-10-16 12:00:00;13.599976;0.30000001192092896;5.354311406746914;12.414034030827674;0.01868252005124653;0.014297470036617937;1.0099111795425415
2020-10-17 12:00:00;17.299927;0.4000000059604645;4.856492916533498;12.33073315657703;0.005548607917044623;-0.0010370989063683298;2.906588077545166
2020-10-18 12:00:00;18.299927;0.4000000059604645;5.027944040593789;12.31404711511834;0.003650872280003412;0.008971257615420376;2.7750799655914307
2020-10-19 12:00:00;17.5;0.5;5.167283027522263;12.34961645543565;0.011265308503909685;0.010547734700788973;8.226515769958496
2020-10-20 12:00:00;20.699951;0.6000000238418579;4.895129862212116;12.406941424307217;-0.008371566044248366;0.017877185774041897;14.547613143920898
2020-10-21 12:00:00;10.599976;0.6543342743438322;6.1298869983723785;12.22606031485662;-0.02548762837508998;-0.03522498350945226;17.72993278503418
2020-10-22 12:00:00;11.299927;0.6000000238418579;6.196928942346836;12.08260925680496;-0.01828189839214161;0.004313099894061633;14.468345642089844
2020-10-23 12:00:00;12.400024;0.699999988079071;6.508934058371666;12.108788651368032;-0.011979680840021703;0.03932987762101756;18.772829055786133
2020-10-24 12:00:00;25.299927;0.6000000238418579;4.29998779296875;12.427531539807873;0.009067871707921926;0.01600426625633837;16.901912689208984
2020-10-25 12:00:00;29.400024;0.6000000238418579;3.899993896484375;12.381390670381577;0.0006291022112806405;-0.023576740622648588;10.935087203979492
2020-10-26 12:00:00;26.0;0.6000000238418579;4.165962361310475;12.2676114805959;-0.00944011643185602;-0.03236861436785088;17.48917007446289
2020-10-27 12:00:00;23.5;0.699999988079071;4.399993896484375;12.168241795097765;-0.018887259610563926;-0.005137548194326962;15.627239227294922
2020-10-28 12:00:00;27.0;0.699999988079071;4.600006103515625;12.052523341133222;-0.011351794984262944;-0.015190837920460677;1.7693681716918945
2020-10-29 12:00:00;27.099976;0.699999988079071;4.79998779296875;11.989424724807858;-0.0024167634101817394;-0.009678808089758233;15.574853897094727
2020-10-30 12:00:00;14.900024;0.699999988079071;5.197635122893546;11.944219369940392;0.0078608335799752;-0.08009301921227534;7.654446125030518
2020-10-31 12:00:00;26.199951;0.699999988079071;5.699981689453125;11.858741469288207;-0.01168182246778942;0.00021560425165878319;2.861708402633667
2020-11-01 12:00:00;21.400024;0.6000000238418579;6.080158141666006;11.743775560603503;-0.015558947466219738;-0.027017578602924686;12.992865562438965
2020-11-02 12:00:00;19.299927;0.6758479787666267;6.864427565738296;11.59134167771416;-0.03185060541874792;-0.02923264603130345;14.27530574798584
2020-11-03 12:00:00;20.799927;0.699999988079071;7.29998779296875;11.391232677172829;-0.023312274481677525;-0.024054885063770827;9.747026443481445
2020-11-04 12:00:00;11.599976;0.6584235727603169;8.415332998293934;11.252285096730567;-0.0018811402580804475;-0.07727036858207642;14.365254402160645
2020-11-05 12:00:00;10.400024;0.8001696743500868;10.699082347990739;11.291502799302178;-0.012061864621969887;-0.07808199890013734;4.1968865394592285
2020-11-06 12:00:00;10.900024;0.800000011920929;11.471618849099972;11.280803628920728;-0.0010890452361851082;-0.09272846855300526;1.1467214822769165
2020-11-07 12:00:00;10.5;0.6833455067087109;10.79769212857521;11.208050003700313;0.012124553627669045;-0.09880816641199923;7.179852485656738
2020-11-08 12:00:00;13.0;0.5;9.128250825240121;11.096512668684133;0.04319069261997283;-0.04086263665703262;5.110651016235352
2020-11-08 12:00:00;13.0;0.5;9.128250825240121;11.096512668684133;0.04319069261997283;-0.04086263665703262;5.110651016235352
2020-11-08 12:00:00;13.0;0.5;9.128250825240121;11.096512668684133;0.04319069261997283;-0.04086263665703262;5.110651016235352
2020-11-08 12:00:00;13.0;0.5;9.128250825240121;11.096512668684133;0.04319069261997283;-0.04086263665703262;5.110651016235352
2020-11-09 12:00:00;14.299927;0.42260558741928517;8.432144027678993;11.034256159217051;;;3.6749467849731445
2020-11-10 12:00:00;10.799927;0.46652904004473816;9.901658761674096;11.058416888683311;0.005658648729872988;0.02540095489962303;0.3036961555480957
2020-11-11 12:00:00;14.099976;0.5;9.924650727047078;11.050817194135243;-0.026843945383650997;0.007012456866049949;5.4362473487854
2020-11-12 12:00:00;13.900024;0.5;9.889461222687352;10.939277639252033;-0.010379239547801252;0.015612696841969526;
2020-11-13 12:00:00;16.5;0.5;9.653031207021675;10.78266173510334;-0.007711201800154051;0.0032331829567159545;1.4570386409759521
2020-11-14 12:00:00;21.0;0.5;9.481678953125954;10.67179701750607;-4.329429697132752e-05;0.01425303333334036;
2020-11-15 12:00:00;21.5;0.5;9.29998779296875;10.590889623027886;-0.025744660137547795;0.0066239378921958605;
2020-11-16 12:00:00;21.299927;0.5;9.241070153386545;10.53123768433046;-0.003326062976009655;-0.002839155201191004;
2020-11-17 12:00:00;23.0;0.5;9.199981689453125;10.540242313349141;0.008747106499687815;-0.013067240412460384;
2020-11-18 12:00:00;19.5;0.5;9.287950211540442;10.521068923162966;-0.03761602318782773;-0.030492749125192203;
2020-11-19 12:00:00;16.599976;0.5;9.44089951372082;10.414562920369315;-0.004672915530309197;-0.01590757786569554;
2020-11-20 12:00:00;14.299927;0.5;9.88695906775746;10.40826065414052;-0.02296557803115455;-0.005472844785157387;
2020-11-21 12:00:00;13.099976;0.5;10.245680438544923;10.43819735047699;-0.00393833353880764;-0.021420951346197717;
2020-11-22 12:00:00;10.400024;0.5310824540019272;11.51578802611418;10.386823868665036;-0.015453021336944423;-0.0669127179183046;
2020-11-23 12:00:00;10.599976;0.5677840148839352;12.763772964951826;10.351709449203591;-0.024008778454337344;-0.018829579876091573;
2020-11-24 12:00:00;11.400024;0.6000000238418579;13.206864718649676;10.386556651146714;-0.01866965394442104;-0.029743450315897806;
2020-11-25 12:00:00;10.400024;0.5690872322690884;13.818980988567485;10.232998219487966;-0.020157644989605226;-0.07128536230349547;
2020-11-26 12:00:00;10.400024;0.5755088795490855;14.290042991984196;10.21931977256125;-0.01792882731115211;-0.053119141454857584;
2020-11-27 12:00:00;10.400024;0.5690872322690884;14.542990152866288;10.238694940393234;-0.004353898538216155;-0.04301464407129809;
2020-11-28 12:00:00;10.699951;0.5817880451605085;14.509617467264695;10.184902220885483;0.0005402177968920163;-0.04550212257551989;
2020-11-29 12:00:00;10.5;0.59921590469507;14.944695868747973;10.163406655485211;0.00967891518258012;-0.012293004125968477;
2020-11-30 12:00:00;10.400024;0.5553789144969183;14.254016474614952;10.16463500511174;1.6791903880447176e-05;0.015814131729275885;
2020-12-01 12:00:00;10.400024;0.5427774060847719;13.131183034511926;10.192899146003148;0.001077529744929126;0.016288667424563474;
2020-12-02 12:00:00;12.900024;0.5;10.526291309634871;10.310278089726893;-0.04357358041035489;0.029510234337173143;
2020-12-03 12:00:00;34.0;0.6000000238418579;9.100006103515625;10.384069260329529;-0.01572927351275025;0.033161637394720736;
2020-12-04 12:00:00;34.599976;0.6000000238418579;9.199981689453125;10.203098251515911;-0.006841823926184495;-0.02216201469722602;
2020-12-05 12:00:00;25.199951;0.5;9.568071011212146;10.029329293149079;0.0015216054010534074;-0.040582967315565224;
2020-12-06 12:00:00;11.799927;0.5;9.711853445560337;9.920149752998633;0.02585837833328833;-0.01607615103210527;
2020-12-07 12:00:00;17.0;0.5;9.490175086454194;9.890311678467585;0.010145638584474702;-0.02643329700124285;
2020-12-08 12:00:00;11.099976;0.5;11.710515974659614;9.607715196190009;-0.019747315644544062;-0.047221156127463706;
2020-12-09 12:00:00;10.5;0.5;12.351912260718423;9.467186546251837;-0.04268445564162199;0.03348535296263368;
2020-12-10 12:00:00;13.599976;0.5;10.220007548775348;9.70678714754622;-0.019248796762746;0.06442530544961396;
2020-12-11 12:00:00;25.400024;0.6000000238418579;9.067534825170695;9.934216843079271;-0.02525059241799763;0.04969504635636577;
2020-12-12 12:00:00;36.69995;0.6000000238418579;8.899993896484375;9.944406174769668;0.00739067666288601;0.013877785488384562;
2020-12-13 12:00:00;32.900024;0.6000000238418579;8.699981689453125;9.946444796846595;0.0073490923977409355;0.009899480700934169;
2020-12-14 12:00:00;38.099976;0.5;8.899993896484375;9.89925257728909;-0.008987954888991899;-0.008893113262120552;
2020-12-15 12:00:00;34.299927;0.5;9.0;9.827667022020794;0.0007297691205351636;-0.013857971473699776;
2020-12-16 12:00:00;30.400024;0.5;8.948150103134251;9.804655086777768;-0.0147997547439802;-0.008022566182005655;
2020-12-17 12:00:00;15.599976;0.5;9.759428544946394;9.649069048130306;-0.019838868108594584;0.003049108631227157;
2020-12-18 12:00:00;17.199951;0.5;10.072307350322346;9.648510954396649;-0.00265394533710193;0.004159341541884831;
2020-12-19 12:00:00;22.199951;0.5;10.199981689453125;9.589461878062131;-0.023045716282421712;0.021859277562865143;
2020-12-20 12:00:00;16.599976;0.5;10.36309233560646;9.48876746080711;0.0007878068010765149;-0.012485841035690412;
2020-12-21 12:00:00;13.699951;0.5;10.417882354537442;9.437498381045357;0.009639496152657414;-0.031778959488491;
2020-12-22 12:00:00;11.599976;0.5;11.719932633275448;9.373429911553373;0.006663121003789843;-0.0660998248992226;
2020-12-23 12:00:00;15.5;0.5;13.00108814097311;9.300784754662333;-0.04688654587031937;-0.08228308846336237;
2020-12-24 12:00:00;10.900024;0.6000000238418579;15.774370787364601;9.068057557706748;-0.033355614580013675;-0.058320582903156684;
2020-12-25 12:00:00;10.299927;0.6000000238418579;16.675583842595216;8.936759785810219;-0.03509500303633792;-0.005484177640723314;
2020-12-26 12:00:00;24.5;0.5357195140008866;10.161009785992732;9.443666844167682;-0.01876806095335782;0.07221117274045122;
2020-12-27 12:00:00;54.599976;0.6000000238418579;8.100006103515625;9.581046234747534;-0.01100294621479101;0.04218114861497514;
2020-12-28 12:00:00;54.400024;0.5;8.0;9.493886804830588;-0.0032748767997326927;-0.007589343589122749;
2020-12-29 12:00:00;51.299927;0.5;8.29998779296875;9.350348153012957;0.002816892991814834;-0.024322474810927915;
2020-12-30 12:00:00;20.5;0.5;8.944145244208613;9.193673069483928;-0.005572962090200197;-0.014989808173535782;
2020-12-31 12:00:00;11.900024;0.5;10.408425837263302;8.892738732846217;-0.02604297350253954;0.006815715356527098;
